,Genre,Precision,Recall
0,Unclassified,0.0,0.0
1,action,0.0,0.0
2,adventure,0.06716417910447761,0.125
3,art,0.13559322033898305,0.10256410256410256
4,comedy,0.125,0.007547169811320755
5,documentary,0.0,0.0
6,drama,0.16,0.013888888888888888
7,family,0.15555555555555556,0.07954545454545454
8,fiction,0.16417910447761194,0.09482758620689655
9,historical,0.05952380952380952,0.053763440860215055
10,horror,0.10101010101010101,0.17543859649122806
11,old movie,0.0,0.0
12,political,0.12121212121212122,0.047058823529411764
13,porn,0.0,0.0
14,romance,0.45161290322580644,0.1545253863134658
15,sport,0.05904059040590406,0.24615384615384617
16,thriller,0.5454545454545454,0.008130081300813009
17,war film,0.004297994269340974,0.375
18,western,0.16666666666666666,0.32
19,world cinema,0.0,0.0
